memberName,email,phoneNumber,barangay,address,beneficiaries,dateOfBirth,gender
Juan Dela Cruz,juan.delacruz@example.com,09171234567,Barangay San Jose,123 Main Street Poblacion,Maria Dela Cruz (Wife),1985-05-15,male
Maria Santos,maria.santos@example.com,09182345678,Barangay Santa Cruz,456 Oak Avenue Centro,Pedro Santos (Husband),1990-08-22,female
Pedro Garcia,pedro.garcia@example.com,09193456789,Barangay San Miguel,789 Pine Road District 1,Ana Garcia (Wife),1982-12-10,male
Ana Reyes,ana.reyes@example.com,09204567890,Barangay Santo Niño,321 Elm Street Zone 2,Carlos Reyes (Husband),1988-03-18,female
Carlos Mendoza,carlos.mendoza@example.com,09215678901,Barangay San Antonio,654 Maple Drive Subdivision,Rosa Mendoza (Wife),1975-11-25,male
Rosa Fernandez,rosa.fernandez@example.com,09226789012,Barangay San Pedro,987 Cedar Lane Village,Miguel Fernandez (Husband),1992-07-08,female
Miguel Torres,miguel.torres@example.com,09237890123,Barangay San Juan,147 Birch Court Block 3,Elena Torres (Wife),1980-09-30,male
Elena Cruz,elena.cruz@example.com,09248901234,Barangay San Pablo,258 Willow Street Phase 2,Roberto Cruz (Husband),1987-04-12,female
Roberto Ramos,roberto.ramos@example.com,09259012345,Barangay San Isidro,369 Spruce Avenue Compound,Linda Ramos (Wife),1983-06-20,male
Linda Gonzales,linda.gonzales@example.com,09260123456,Barangay San Rafael,741 Ash Road Extension,Jose Gonzales (Husband),1991-01-05,female
Jose Villanueva,jose.villanueva@example.com,09271234567,Barangay San Lorenzo,852 Poplar Street Annex,Carmen Villanueva (Wife),1978-10-14,male
Carmen Bautista,carmen.bautista@example.com,09282345678,Barangay San Francisco,963 Walnut Drive Heights,Antonio Bautista (Husband),1989-02-28,female
Antonio Castillo,antonio.castillo@example.com,09293456789,Barangay San Vicente,159 Cherry Lane Gardens,Sofia Castillo (Wife),1984-08-07,male
Sofia Morales,sofia.morales@example.com,09304567890,Barangay San Nicolas,357 Peach Court Plaza,Diego Morales (Husband),1993-12-19,female
Diego Navarro,diego.navarro@example.com,09315678901,Barangay San Roque,486 Plum Street Park,Isabella Navarro (Wife),1981-05-23,male
Isabella Herrera,isabella.herrera@example.com,09326789012,Barangay San Martin,624 Pear Avenue Ridge,Gabriel Herrera (Husband),1986-11-11,female
Gabriel Jimenez,gabriel.jimenez@example.com,09337890123,Barangay San Carlos,735 Apple Road Summit,Lucia Jimenez (Wife),1979-03-26,male
Lucia Ortega,lucia.ortega@example.com,09348901234,Barangay San Agustin,846 Orange Drive Valley,Fernando Ortega (Husband),1994-07-15,female
Fernando Diaz,fernando.diaz@example.com,09359012345,Barangay San Mateo,957 Lemon Street Vista,Patricia Diaz (Wife),1977-09-02,male
Patricia Romero,patricia.romero@example.com,09360123456,Barangay San Andres,168 Lime Court Terrace,Ricardo Romero (Husband),1990-01-30,female
